{"cameraMode":{"drawMode":0,"name":"Shaded","section":"Shading Mode"},"sceneLighting":true,"audioPlay":false,"sceneViewState":{"m_AlwaysRefresh":false,"showFog":true,"showSkybox":true,"showFlares":true,"showImageEffects":true,"showParticleSystems":true,"showVisualEffectGraphs":true,"m_FxEnabled":true},"in2DMode":false,"pivot":{"x":467.76031494140627,"y":325.4198913574219,"z":352.8586730957031},"rotation":{"x":0.10175634175539017,"y":0.035804565995931628,"z":-0.003663411131128669,"w":0.9941521883010864},"size":90.56499481201172,"orthographic":true}